ID,Value
1,Value 1
2,Value 2
3,Value 3
4,Value 4
5,Value 5
6,Value 6
7,Value 7
8,Value 8
9,Value 9
10,Value 10
11,Value 11
12,Value 12
13,Value 13
14,Value 14
15,Value 15
16,Value 16
17,Value 17
18,Value 18
19,Value 19
20,Value 20
21,Value 21
22,Value 22
23,Value 23
24,Value 24
25,Value 25
26,Value 26
27,Value 27
28,Value 28
29,Value 29
30,Value 30
31,Value 31
32,Value 32
33,Value 33
34,Value 34
35,Value 35
36,Value 36
37,Value 37
38,Value 38
39,Value 39
40,Value 40
41,Value 41
42,Value 42
43,Value 43
44,Value 44
45,Value 45
46,Value 46
47,Value 47
48,Value 48
49,Value 49
50,Value 50
51,Value 51
52,Value 52
53,Value 53
54,Value 54
55,Value 55
56,Value 56
57,Value 57
58,Value 58
59,Value 59
60,Value 60
61,Value 61
62,Value 62
63,Value 63
64,Value 64
65,Value 65
66,Value 66
67,Value 67
68,Value 68
69,Value 69
70,Value 70
71,Value 71
72,Value 72
73,Value 73
74,Value 74
75,Value 75
76,Value 76
77,Value 77
78,Value 78
79,Value 79
80,Value 80
81,Value 81
82,Value 82
83,Value 83
84,Value 84
85,Value 85
86,Value 86
87,Value 87
88,Value 88
89,Value 89
90,Value 90
91,Value 91
92,Value 92
93,Value 93
94,Value 94
95,Value 95
96,Value 96
97,Value 97
98,Value 98
99,Value 99
100,Value 100
101,Value 101
102,Value 102
103,Value 103
104,Value 104
105,Value 105
106,Value 106
107,Value 107
108,Value 108
109,Value 109
110,Value 110
111,Value 111
112,Value 112
113,Value 113
114,Value 114
115,Value 115
116,Value 116
117,Value 117
118,Value 118
119,Value 119
120,Value 120
121,Value 121
122,Value 122
123,Value 123
124,Value 124
125,Value 125
126,Value 126
127,Value 127
128,Value 128
129,Value 129
130,Value 130
131,Value 131
132,Value 132
133,Value 133
134,Value 134
135,Value 135
136,Value 136
137,Value 137
138,Value 138
139,Value 139
140,Value 140
141,Value 141
142,Value 142
143,Value 143
144,Value 144
145,Value 145
146,Value 146
147,Value 147
148,Value 148
149,Value 149
150,Value 150
151,Value 151
152,Value 152
153,Value 153
154,Value 154
155,Value 155
156,Value 156
157,Value 157
158,Value 158
159,Value 159
160,Value 160
161,Value 161
162,Value 162
163,Value 163
164,Value 164
165,Value 165
166,Value 166
167,Value 167
168,Value 168
169,Value 169
170,Value 170
171,Value 171
172,Value 172
173,Value 173
174,Value 174
175,Value 175
176,Value 176
177,Value 177
178,Value 178
179,Value 179
180,Value 180
181,Value 181
182,Value 182
183,Value 183
184,Value 184
185,Value 185
186,Value 186
187,Value 187
188,Value 188
189,Value 189
190,Value 190
191,Value 191
192,Value 192
193,Value 193
194,Value 194
195,Value 195
196,Value 196
197,Value 197
198,Value 198
199,Value 199
200,Value 200
201,Value 201
202,Value 202
203,Value 203
204,Value 204
205,Value 205
206,Value 206
207,Value 207
208,Value 208
209,Value 209
210,Value 210
211,Value 211
212,Value 212
213,Value 213
214,Value 214
215,Value 215
216,Value 216
217,Value 217
218,Value 218
219,Value 219
220,Value 220
221,Value 221
222,Value 222
223,Value 223
224,Value 224
225,Value 225
226,Value 226
227,Value 227
228,Value 228
229,Value 229
230,Value 230
231,Value 231
232,Value 232
233,Value 233
234,Value 234
235,Value 235
236,Value 236
237,Value 237
238,Value 238
239,Value 239
240,Value 240
241,Value 241
242,Value 242
243,Value 243
244,Value 244
245,Value 245
246,Value 246
247,Value 247
248,Value 248
249,Value 249
250,Value 250
